--
-- PostgreSQL database dump
--

-- Dumped from database version 14.13 (Ubuntu 14.13-0ubuntu0.22.04.1)
-- Dumped by pg_dump version 14.13 (Ubuntu 14.13-0ubuntu0.22.04.1)

SET statement_timeout = 0;
SET lock_timeout = 0;
SET idle_in_transaction_session_timeout = 0;
SET client_encoding = 'UTF8';
SET standard_conforming_strings = on;
SELECT pg_catalog.set_config('search_path', '', false);
SET check_function_bodies = false;
SET xmloption = content;
SET client_min_messages = warning;
SET row_security = off;

SET default_tablespace = '';

SET default_table_access_method = heap;

--
-- Name: ban_notification; Type: TABLE; Schema: public; Owner: postgres
--

CREATE TABLE public.ban_notification (
    id bigint NOT NULL,
    created_at timestamp(6) without time zone,
    message text,
    status character varying(255),
    reason character varying(255),
    title text,
    user_id character varying(255),
    CONSTRAINT ban_notification_status_check CHECK (((status)::text = ANY ((ARRAY['SENT'::character varying, 'DELIVERED'::character varying, 'READ'::character varying, 'FAILED'::character varying])::text[])))
);


ALTER TABLE public.ban_notification OWNER TO postgres;

--
-- Name: ban_notification_id_seq; Type: SEQUENCE; Schema: public; Owner: postgres
--

ALTER TABLE public.ban_notification ALTER COLUMN id ADD GENERATED BY DEFAULT AS IDENTITY (
    SEQUENCE NAME public.ban_notification_id_seq
    START WITH 1
    INCREMENT BY 1
    NO MINVALUE
    NO MAXVALUE
    CACHE 1
);


--
-- Name: chat_message; Type: TABLE; Schema: public; Owner: postgres
--

CREATE TABLE public.chat_message (
    id character varying(255) NOT NULL,
    content text,
    conversation_id bigint,
    recipient_id character varying(255),
    sender_id character varying(255),
    "timestamp" timestamp(6) without time zone,
    type character varying(255)
);


ALTER TABLE public.chat_message OWNER TO postgres;

--
-- Name: company; Type: TABLE; Schema: public; Owner: postgres
--

CREATE TABLE public.company (
    id character varying(255) NOT NULL,
    role character varying(255),
    address character varying(255),
    description character varying(255),
    email character varying(255),
    field character varying(255),
    logo character varying(255),
    name character varying(255),
    password character varying(255),
    phone character varying(255),
    state character varying(255),
    wallpaper character varying(255),
    website character varying(255),
    created_at date,
    CONSTRAINT company_role_check CHECK (((role)::text = ANY ((ARRAY['ADMIN'::character varying, 'EMPLOYEE'::character varying, 'EMPLOYER'::character varying])::text[]))),
    CONSTRAINT company_state_check CHECK (((state)::text = ANY ((ARRAY['ACTIVE'::character varying, 'RESTRICT'::character varying, 'BAN'::character varying])::text[])))
);


ALTER TABLE public.company OWNER TO postgres;

--
-- Name: conversation_users; Type: TABLE; Schema: public; Owner: postgres
--

CREATE TABLE public.conversation_users (
    conversation_id bigint NOT NULL,
    users character varying(255)
);


ALTER TABLE public.conversation_users OWNER TO postgres;

--
-- Name: conversations; Type: TABLE; Schema: public; Owner: postgres
--

CREATE TABLE public.conversations (
    id bigint NOT NULL,
    last_message character varying(255),
    created_at timestamp(6) without time zone,
    type character varying(10),
    receiver_id character varying(255),
    sender_id character varying(255)
);


ALTER TABLE public.conversations OWNER TO postgres;

--
-- Name: conversations_id_seq; Type: SEQUENCE; Schema: public; Owner: postgres
--

ALTER TABLE public.conversations ALTER COLUMN id ADD GENERATED BY DEFAULT AS IDENTITY (
    SEQUENCE NAME public.conversations_id_seq
    START WITH 1
    INCREMENT BY 1
    NO MINVALUE
    NO MAXVALUE
    CACHE 1
);


--
-- Name: job; Type: TABLE; Schema: public; Owner: postgres
--

CREATE TABLE public.job (
    job_id bigint NOT NULL,
    benefits text,
    created_at date,
    description text,
    experience integer NOT NULL,
    expire_date date,
    field character varying(255),
    gender character varying(255),
    location character varying(255),
    max_salary integer NOT NULL,
    min_salary integer NOT NULL,
    quantity integer NOT NULL,
    requirements text,
    role character varying(255),
    state character varying(255),
    title text,
    type character varying(255),
    update_at date,
    work_time character varying(255),
    company_id character varying(255),
    province character varying(255),
    CONSTRAINT job_state_check CHECK (((state)::text = ANY ((ARRAY['PENDING'::character varying, 'DONE'::character varying])::text[])))
);


ALTER TABLE public.job OWNER TO postgres;

--
-- Name: job_application; Type: TABLE; Schema: public; Owner: postgres
--

CREATE TABLE public.job_application (
    id bigint NOT NULL,
    created_date date,
    cv_url text NOT NULL,
    reference_letter text,
    state character varying(255),
    job_job_id bigint,
    user_id character varying(255),
    CONSTRAINT job_application_state_check CHECK (((state)::text = ANY ((ARRAY['ACCEPTED'::character varying, 'REJECTED'::character varying, 'PENDING'::character varying])::text[])))
);


ALTER TABLE public.job_application OWNER TO postgres;

--
-- Name: job_application_id_seq; Type: SEQUENCE; Schema: public; Owner: postgres
--

ALTER TABLE public.job_application ALTER COLUMN id ADD GENERATED BY DEFAULT AS IDENTITY (
    SEQUENCE NAME public.job_application_id_seq
    START WITH 1
    INCREMENT BY 1
    NO MINVALUE
    NO MAXVALUE
    CACHE 1
);


--
-- Name: job_applications; Type: TABLE; Schema: public; Owner: postgres
--

CREATE TABLE public.job_applications (
    job_entity_job_id bigint NOT NULL,
    applications_id bigint NOT NULL
);


ALTER TABLE public.job_applications OWNER TO postgres;

--
-- Name: job_job_id_seq; Type: SEQUENCE; Schema: public; Owner: postgres
--

ALTER TABLE public.job ALTER COLUMN job_id ADD GENERATED BY DEFAULT AS IDENTITY (
    SEQUENCE NAME public.job_job_id_seq
    START WITH 1
    INCREMENT BY 1
    NO MINVALUE
    NO MAXVALUE
    CACHE 1
);


--
-- Name: job_tag; Type: TABLE; Schema: public; Owner: postgres
--

CREATE TABLE public.job_tag (
    id character varying(255) NOT NULL,
    tag character varying(255)
);


ALTER TABLE public.job_tag OWNER TO postgres;

--
-- Name: report; Type: TABLE; Schema: public; Owner: postgres
--

CREATE TABLE public.report (
    id bigint NOT NULL,
    company_id character varying(255),
    reason text NOT NULL,
    status character varying(255),
    user_id character varying(255) NOT NULL,
    job_id bigint,
    CONSTRAINT report_status_check CHECK (((status)::text = ANY ((ARRAY['PENDING'::character varying, 'DONE'::character varying, 'REJECT'::character varying])::text[])))
);


ALTER TABLE public.report OWNER TO postgres;

--
-- Name: report_id_seq; Type: SEQUENCE; Schema: public; Owner: postgres
--

ALTER TABLE public.report ALTER COLUMN id ADD GENERATED BY DEFAULT AS IDENTITY (
    SEQUENCE NAME public.report_id_seq
    START WITH 1
    INCREMENT BY 1
    NO MINVALUE
    NO MAXVALUE
    CACHE 1
);


--
-- Name: user_entity; Type: TABLE; Schema: public; Owner: postgres
--

CREATE TABLE public.user_entity (
    id character varying(255) NOT NULL,
    role character varying(255),
    address character varying(255),
    avatar character varying(255),
    date_of_birth date,
    education_level character varying(255),
    email character varying(255),
    gender character varying(255),
    name character varying(255),
    password character varying(255),
    phone character varying(255),
    university character varying(255),
    created_at date,
    CONSTRAINT user_entity_role_check CHECK (((role)::text = ANY ((ARRAY['ADMIN'::character varying, 'EMPLOYEE'::character varying, 'EMPLOYER'::character varying])::text[])))
);


ALTER TABLE public.user_entity OWNER TO postgres;

--
-- Name: user_entity_applied_jobs; Type: TABLE; Schema: public; Owner: postgres
--

CREATE TABLE public.user_entity_applied_jobs (
    user_entity_id character varying(255) NOT NULL,
    applied_jobs_job_id bigint NOT NULL
);


ALTER TABLE public.user_entity_applied_jobs OWNER TO postgres;

--
-- Name: user_entity_cv; Type: TABLE; Schema: public; Owner: postgres
--

CREATE TABLE public.user_entity_cv (
    user_entity_id character varying(255) NOT NULL,
    cv text
);


ALTER TABLE public.user_entity_cv OWNER TO postgres;

--
-- Name: user_entity_saved_jobs; Type: TABLE; Schema: public; Owner: postgres
--

CREATE TABLE public.user_entity_saved_jobs (
    user_entity_id character varying(255) NOT NULL,
    saved_jobs_job_id bigint NOT NULL
);


ALTER TABLE public.user_entity_saved_jobs OWNER TO postgres;

--
-- Name: user_entity_search_history; Type: TABLE; Schema: public; Owner: postgres
--

CREATE TABLE public.user_entity_search_history (
    user_entity_id character varying(255) NOT NULL,
    search_history character varying(255)
);


ALTER TABLE public.user_entity_search_history OWNER TO postgres;

--
-- Data for Name: ban_notification; Type: TABLE DATA; Schema: public; Owner: postgres
--

COPY public.ban_notification (id, created_at, message, status, reason, title, user_id) FROM stdin;
10	2024-12-02 13:41:19.156	Xin chào, chúng tôi nhận thấy rẳng bài đăng ${title} của bạn đã vi phạm: ${reason}.Nhằm mục đích nâng cao chất lượng môi trường việc làm, chúng tôi sẽ khóa tài khoản của bạn vô thời hạn.  	READ	Tin rác	Giáo Viên Tiếng Anh (TOEIC/IELTS) Part-Time/Full-Time - Thu Nhập 15 - 40 Triệu - Hà Nội	company_1733025482728
12	2024-12-02 13:55:44.371	Xin chào, chúng tôi nhận thấy rẳng bài đăng ${title} của bạn đã vi phạm: ${reason}.Nhằm mục đích nâng cao chất lượng môi trường việc làm, chúng tôi sẽ khóa tài khoản của bạn vô thời hạn.  	READ	Nội dung vi phạm pháp luật	Giáo Viên Tiếng Anh (TOEIC/IELTS) Part-Time/Full-Time - Thu Nhập 15 - 40 Triệu - Hà Nội	company_1733025482728
11	2024-12-02 13:47:23.155	Xin chào, chúng tôi nhận thấy rẳng bài đăng ${title} của bạn đã vi phạm: ${reason}.Nhằm mục đích nâng cao chất lượng môi trường việc làm, chúng tôi sẽ khóa tài khoản của bạn vô thời hạn.  	READ	Tin rác	Giáo Viên Tiếng Anh (TOEIC/IELTS) Part-Time/Full-Time - Thu Nhập 15 - 40 Triệu - Hà Nội	company_1733025482728
13	2024-12-02 14:52:11.144	Chúng tôi nhận thấy rẳng bài đăng ${title} của bạn đã vi phạm: ${reason}.Nhằm mục đích nâng cao chất lượng môi trường việc làm, chúng tôi sẽ khóa tài khoản của bạn vô thời hạn.  	READ	Bài đăng không hay	Giáo Viên Tiếng Anh (TOEIC/IELTS) Part-Time/Full-Time - Thu Nhập 15 - 40 Triệu - Hà Nội	company_1733025482728
14	2024-12-02 14:58:21.212	Chúng tôi nhận thấy rẳng bài đăng ${title} của bạn đã vi phạm: ${reason}.Nhằm mục đích nâng cao chất lượng môi trường việc làm, chúng tôi sẽ khóa tài khoản của bạn vô thời hạn.  	READ	Thông tin sai sự thật	Giáo Viên Tiếng Anh (TOEIC/IELTS) Part-Time/Full-Time - Thu Nhập 15 - 40 Triệu - Hà Nội	company_1733025482728
\.


--
-- Data for Name: chat_message; Type: TABLE DATA; Schema: public; Owner: postgres
--

COPY public.chat_message (id, content, conversation_id, recipient_id, sender_id, "timestamp", type) FROM stdin;
1732608051559	dạ chào chị ạ	7	company_1732383018210	u_1732423672781	2024-11-25 15:02:00	text
1732608191571	chào em	7	u_1732423672781	company_1732383018210	2024-11-26 15:03:11.571	text
1732608614539	em có rảnh không	7	u_1732423672781	company_1732383018210	2024-11-26 15:10:14	text
1732609418461	em ơi	7	u_1732423672781	company_1732383018210	2024-11-26 08:23:38	text
1732609766696	em ơi	7	u_1732423672781	company_1732383018210	2024-11-26 08:29:26.696	text
1732610524669	em ơi	7	u_1732423672781	company_1732383018210	2024-11-26 00:00:00	text
1732610707363	chào em	7	u_1732423672781	company_1732383018210	2024-11-26 08:45:07.363	text
1732611097722	chào em	7	u_1732423672781	company_1732383018210	2024-11-26 15:51:37.722	text
1732611178044	chafoo e	7	u_1732423672781	company_1732383018210	2024-11-26 08:52:58.044	text
1732611321785	em ơi	7	u_1732423672781	company_1732383018210	2024-11-26 15:55:21.785	text
1732612392150	dạ 	7	company_1732383018210	u_1732423672781	2024-11-26 16:13:12.15	text
1732612404307	em đây chị ơi	7	company_1732383018210	u_1732423672781	2024-11-26 16:13:24.307	text
1732612971827	em ơi	7	u_1732423672781	company_1732383018210	2024-11-26 16:22:51.827	text
1732612983467	hôm nào mình gặp nhau phỏng vấn được không em	7	u_1732423672781	company_1732383018210	2024-11-26 16:23:03.467	text
1732690567150	em ơi	7	u_1732423672781	company_1732383018210	2024-11-27 13:56:07.15	text
1732690611748	dạ 	7	company_1732383018210	u_1732423672781	2024-11-27 13:56:51.748	text
1732690618661	hôm nào em rảnh không	7	u_1732423672781	company_1732383018210	2024-11-27 13:56:58.661	text
1732690624661	dạ mai cũng được ạ	7	company_1732383018210	u_1732423672781	2024-11-27 13:57:04.661	text
1732968757464	https://res.cloudinary.com/dmi3xizxq/image/upload/v1732968757/glnhg64jndnqstaotdkh.jpg	7	u_1732423672781	company_1732383018210	2024-11-30 19:12:37.464	image
\.


--
-- Data for Name: company; Type: TABLE DATA; Schema: public; Owner: postgres
--

COPY public.company (id, role, address, description, email, field, logo, name, password, phone, state, wallpaper, website, created_at) FROM stdin;
company_1732383018210	EMPLOYER	Quận Ba Đình, Thành phố Hà Nội	\N	conanjisoo@gmail.com	\N	https://res.cloudinary.com/dmi3xizxq/image/upload/v1732355405/company_default_a6vjzg.png	Viettel	123456	0353795729	\N	https://static.topcv.vn/v4/image/normal-company/cover/company_cover_1.jpg	www.viettel.vn	2024-11-30
company_1733025482728	EMPLOYER	Quận Hoàn Kiếm, Thành phố Hà Nội	\N	kienluu61@gmail.com	\N	https://res.cloudinary.com/dmi3xizxq/image/upload/v1732355405/company_default_a6vjzg.png	Công ty An ninh mạng Viettel- Chi nhánh Tập đoàn Công nghiệp- Viễn thông quân đội	123456	0353795729	\N	https://static.topcv.vn/v4/image/normal-company/cover/company_cover_1.jpg	www.viettel.com	2024-12-01
company_1733155577955	EMPLOYER	Huyện Yên Phong, Tỉnh Bắc Ninh	\N	jisooconan@gmail.com	\N	https://res.cloudinary.com/dmi3xizxq/image/upload/v1732355405/company_default_a6vjzg.png	CÔNG TY CỔ PHẦN THẾ GIỚI DI ĐỘNG	123456	0238734555	\N	https://static.topcv.vn/v4/image/normal-company/cover/company_cover_1.jpg	thegioididong.com	2024-12-02
\.


--
-- Data for Name: conversation_users; Type: TABLE DATA; Schema: public; Owner: postgres
--

COPY public.conversation_users (conversation_id, users) FROM stdin;
\.


--
-- Data for Name: conversations; Type: TABLE DATA; Schema: public; Owner: postgres
--

COPY public.conversations (id, last_message, created_at, type, receiver_id, sender_id) FROM stdin;
7	https://res.cloudinary.com/dmi3xizxq/image/upload/v1732968757/glnhg64jndnqstaotdkh.jpg	2024-11-30 19:12:37.485534	image	u_1732423672781	company_1732383018210
\.


--
-- Data for Name: job; Type: TABLE DATA; Schema: public; Owner: postgres
--

COPY public.job (job_id, benefits, created_at, description, experience, expire_date, field, gender, location, max_salary, min_salary, quantity, requirements, role, state, title, type, update_at, work_time, company_id, province) FROM stdin;
2	Salary:\n\n100% salary during probation\n13th-month salary\nPerformance bonus\nSalary review at least one time per year based on employee's performance and contribution\nHealth & Insurance:\nSocial Health Unemployment Insurance\nPremium health insurance\nAnnual health check-ups\nAnnual leave: 12-14 days\nWorking environment:\nMacBook Pro is provided.\nFriendly and fun/ Coffee, tea, snack bar everyday/ Company trip, team building, monthly party, etc.\nOuting/team-building activities (company trip , soccer sport, running club,..);\nWork with experienced & strong team;\nFriendly, dynamic & flexible working environments	2024-11-24	Maple Labs is a rapidly growing startup.\nWe focus on developing apps serving millions of users globally.\nWe are looking for talented Mid/Senior Fullstack Developer who strive to solve the hard problems, take pride in delivering world-class products and are strong team players.	2	2024-12-19	Công nghệ thông tin	Nam	 Hồ Chí Minh: B0011 - B0012, Sarica Block B2, số 6 đường D9, P. An Lợi Đông, Quận 2	30	15	1	At least 2 years of experience in building web applications using Node.js (Nestjs), Next.js, and React.\nSolid understanding of front-end technologies, including HTML, CSS, and JavaScript.\nExperience with React.js and related libraries/frameworks (Redux, Next.js, etc.).\nBe Involved in developing Non-Functional Requirements (e.g. Performance, Security, Reliability, Maintainability...).\nKnowledge of databases, particularly MongoDB and SQL.\nSupporting DevOps for deploying the services using CI/CD tools such as ArgoCD or Jenkins.\nStrong problem-solving and analytical skills, with the ability to work independently and find creative solutions.	Nhân viên	PENDING	Mid/Sr Fullstack Developer (NodeJS/ReactJS/Java Script)	Full time	2024-11-24	09:00-18:00, Thứ hai-Thứ sáu	company_1732383018210	\N
3	Attractive salary. Performance based award.\nYoung and dynamic working environment.\nContinuous development of hard and soft skills through work and professional training.\nExciting leisure: sport and art events (football club, family day...)\nCompany's labor policy completely pursuant to Vietnamese labor legislation plus other benefits offered by the company (Company trip, Holiday, etc.)	2024-11-26	Overview: Recruit system for student at Japan, collect all CV, setting interview schedule between applicant and company, interviewer can assess applicant on system...\nProject information: Front End: Back End: Used Spring boot framework, PostgreSQL\nProficiency knowing HTML4, HTML5, CSS3, ES6, JQUERY, Bootstrap 3, ReactJS, NextJS is an advantage.\nDepartment Information: Working with Japan customer, follow customer standard process. Working directly with customer, used English with document\nRecruit project for Japanese’s customer\nDepartment Information : Working with Japan customer, follow customer standard process. Working directly with customer , used English with document	4	2024-11-23	Công nghệ thông tin	Không yêu cầu	Hòa Lạc, Thạch Thất, Hà Nội	5	3	20	At least 04 years’ experience in Java & J2EE development, Java Spring boot framework.\nGood in Design pattern, Testing.\nCan create Test Code (JUnit).\nWork with front-end developers to integrate UI components with APIs and databases.\nExperience in Spring framework (Spring boot).\nExperience about Rest API...\nExcellent knowledge of Oracle, PostgreSQL\nExperience about ReactJS, JQUERY, HTML4, HTML5, CSS3, Bootstrap 3 is an advantage\nEnglish is accepted with read/write level	Nhân viên	PENDING	Việc làm 	Full time	2024-11-26	08:00-17:00, Thứ hai-Thứ sáu	company_1732383018210	\N
1	- Chế độ phúc lợi toàn diện\n- Lương: UPTO 40.000.000 VNĐ/tháng\n- Tối thiểu 13 tháng lương/năm.\n- Thử việc nhận 100% lương\n- Xét tăng lương 1- 2 lần/năm.\n- Thưởng: Thưởng Tết, thưởng ngày lễ, thưởng giới thiệu nhân sự...\n- Văn phòng làm việc chuyên nghiệp hạng A.\n- Môi trường làm việc thân thiện và có tính tương hỗ cao, ổn định lâu dài.\n- Có nhiều cơ hội được đào tạo, làm việc nâng cao trình độ và cơ hội thăng tiến.\n- Có nhiều hoạt động bổ trợ tinh thần, du lịch...\n- Có cơ hội làm việc tại nước ngoài.	2024-11-24	- Tham gia phát triển dự án phần mềm\n- Các dự án thuộc domain: ngân hàng, tài chính, thị trường Nhật, thị trường nói tiếng Anh, ...\n- Thực hiện thiết kế, coding và unit test cho dự án.\n- Tham gia việc review code, hỗ trợ các thành viên trong nhóm.\n- Thực hiện công việc theo sự phân công của Trưởng nhóm/Quản lý dự án, phối hợp giữa các nhóm để phát triển dự án.	1	2024-11-30	Công nghệ thông tin	Không yêu cầu	Hà Nội	5	3	1	- Có kinh nghiệm làm việc với Java tối thiểu 3 năm.\n- Thành thạo trong việc sử dụng các framework web Java như Spring MVC, Spring Boot hoặc Hibernate.\n- Hiểu biết cơ bản 1 trong các FE framework (Vue, React, Angular..) để phát triển giao diện người dùng tương tác\n- Hiểu biết về thiết kế ứng dụng, công nghệ microservice.\n- Có kiến thức vững về HTML, CSS và JavaScript.\n- Có kinh nghiệm làm việc với hệ thống message queue (ActiveMQ, Kafka..) để xử lý các thư hàng đợi.\n- Có kinh nghiệm làm việc với hệ quản trị cơ sở dữ liệu quan hệ RDBMS(SQL server, PostgreSQL) và NoSQL(Cassandra, mongodb..)\n- Có kiến thức và kinh nghiệm với Linux.\n- Có khả năng làm việc độc lập và làm việc nhóm tốt.	Nhân viên	PENDING	Java Dev (3 Years+), Signing Bonus Hấp Dẫn, Rất Ổn Định Lâu Dài 	Full time	2024-11-24	08:00-17:00, Thứ hai-Thứ sáu	company_1732383018210	\N
42	Bảo hiểm đầy đủ, lương thưởng tháng 13	2024-10-11	Phát triển hệ thống backend sử dụng Java	3	2024-12-01	IT	Không yêu cầu	Hà Đông	25	18	1	Kinh nghiệm 3 năm với Spring Framework	Nhân viên	PENDING	Tuyển Java Backend Developer	Toàn thời gian	2024-10-11	9-18h	company_1732383018210	Hà Nội
43	Lương 30 triệu, nghỉ phép 15 ngày/năm	2024-10-11	Xây dựng và tối ưu hệ thống Java microservices	5	2024-12-15	IT	Không yêu cầu	Đà Nẵng	35	25	1	Kinh nghiệm 5 năm với Java và Docker	Nhân viên cấp cao	PENDING	Tuyển Senior Java Developer tại Đà Nẵng	Toàn thời gian	2024-10-11	8-17h	company_1732383018210	Đà Nẵng
44	Lương 18 triệu, hỗ trợ chỗ ở	2024-10-11	Tham gia phát triển hệ thống ERP bằng Java	2	2024-12-05	IT	Không yêu cầu	Hải Phòng	18	16	1	Kinh nghiệm 2 năm lập trình Java	Nhân viên	PENDING	Tuyển kỹ sư Java Developer tại Hải Phòng	Toàn thời gian	2024-10-11	8-16h	company_1732383018210	Hải Phòng
45	Lương 12 triệu, thưởng KPI	2024-10-11	Kiểm tra và báo cáo tài chính hàng tháng	1	2024-12-01	IT	Nữ	Hà Nội	12	10	1	Tốt nghiệp ngành kế toán, kinh nghiệm 1 năm	Nhân viên	PENDING	Tuyển Nhân viên Kế toán	Toàn thời gian	2024-10-11	8-17h	company_1732383018210	Hà Nội
46	Lương 8 triệu + thưởng doanh số	2024-10-11	Quản lý và chốt đơn hàng online	0	2024-12-10	IT	Không yêu cầu	TP Hồ Chí Minh	10	7	1	Có kỹ năng giao tiếp, không cần kinh nghiệm	Nhân viên	PENDING	Tuyển Nhân viên Bán hàng Online	Bán thời gian	2024-10-11	9-18h	company_1732383018210	TP Hồ Chí Minh
47	Lương 15 triệu, bảo hiểm đầy đủ	2024-10-11	Cài đặt và bảo trì hệ thống mạng	1	2024-12-20	IT	Không yêu cầu	Hà Nội	16	13	1	Kinh nghiệm 1 năm, hiểu biết về mạng máy tính	Nhân viên	PENDING	Tuyển kỹ thuật viên IT Support	Toàn thời gian	2024-10-11	8-17h	company_1732383018210	Hà Nội
48	Lương 18 triệu, thưởng dự án	2024-10-11	Kiểm tra chất lượng sản phẩm phần mềm	1	2024-12-05	IT	Không yêu cầu	Đà Nẵng	19	16	1	Ít nhất 1 năm kinh nghiệm QA	Nhân viên	PENDING	Tuyển nhân viên QA/QC	Toàn thời gian	2024-10-11	8-16h	company_1732383018210	Đà Nẵng
49	Lương 18 triệu, thưởng theo KPI	2024-10-11	Lên kế hoạch quảng cáo trên các nền tảng online	2	2024-12-15	IT	Không yêu cầu	Hà Nội	20	15	1	Tốt nghiệp Marketing hoặc tương đương	Nhân viên	PENDING	Tuyển Marketing Online	Toàn thời gian	2024-10-11	9-17h	company_1732383018210	Hà Nội
50	Lương 25 triệu, làm việc từ xa	2024-10-11	Phân tích dữ liệu và tạo báo cáo	2	2024-12-20	IT	Không yêu cầu	TP Hồ Chí Minh	28	22	1	Kinh nghiệm 2 năm trong phân tích dữ liệu	Nhân viên	PENDING	Tuyển Nhân viên Data Analyst	Toàn thời gian	2024-10-11	9-17h	company_1732383018210	TP Hồ Chí Minh
51	- “FPT care” health insurance provided by Petrolimex (PJICO) and is exclusive for FPT employees.\n- Annual Summer Vacation: follows company’s policy and starts from May every year\n- Salary review: 1 time per year\n- International, dynamic, friendly working environment\n- Annual leave, working conditions follow Vietnam labor laws.\n- Other allowances: lunch allowance, working on-site allowance, etc.	2024-11-29	- Develop modern web development and DevOps practices to develop, test, debug and deploy.\n- Develop responsive and mobile friendly web design.\n- Develop robust solutions with consideration to security, performance, internationalization, and browser-compatibility.\n- Use the business process requirements to drive the detailed design of the application and technical architecture components.\n- Configure, build, and test the application or technical architecture components.\n- Work with other developers, designers, and architects to make sure that the configuration and custom components meet application requirements and performance goals.\n- Plan and execute all required process steps as defined in our methodologies.\n- Anticipate, identify, track, and resolve issues and risks affecting the delivery.\n- Any relevant ad-hoc duties.\n- This is an individual contributor role.\n- Learn new technologies, languages, and techniques so that you are able to adapt to the evolving needs of our clients.	5	2024-12-31	Công nghệ thông tin	Không yêu cầu	Tòa nhà FPT, 17 Duy Tan, Cầu Giấy	40	20	10	- Bachelor’s degree in Computer Science or related field.\n- Have at least 4 years of experience as a Software Engineer.\n- Strong knowledge of Java Spring Boot and Java core.\n- Experience with RESTful API development.\n- Familiarity with MyBatis for database access.\n- Understanding of role-based access control (RBAC) concepts.\n- Proficiency in Oracle and Cassandra databases.\n- Experience with microservices architecture.\n- Ability to write unit tests using JUnit.\n- Knowledge of deployment processes.\n- Excellent communication and teamwork skills.\n- Good English communication.	Trưởng phòng	PENDING	Senior Java Eng Good	Full time	2024-11-29	08:00-17:00, Thứ hai-Thứ sáu	company_1732383018210	Hà Nội
52	- Hỗ trợ lương cứng 5 triệu/tháng\n- Được thưởng nóng, thưởng theo quý, theo năm\n- Mức hoa hồng cao cho từng dự án\n- Thu nhập không giới hạn: lương cứng +thưởng + hoa hồng lên tới 30tr/tháng\n- Đào tạo miễn phí, bài bản\n- Môi trường làm việc trẻ trung, thoải mái\n- Đội nhóm hỗ trợ nhiệt tình\n- Bảng hàng đẹp từ Chủ đầu tư Vinhomes\n- Du lịch trong và ngoài nước thường xuyên	2024-12-01	- Đăng tin lên các hội nhóm, website bất động sản\n- Tìm kiếm khách hàng, khai thác thông tin về khách hàng, tư vấn các sản phẩm phù hợp với khách hàng (được đào tạo, hỗ trợ từ Giám đốc kinh doanh, Trưởng phòng kèm 1-1)\n- Tư vấn, đàm phán giá cả, hỗ trợ các thủ tục sau mua nhà	0	2024-12-20	Bán hàng	Không yêu cầu	Số 27 đường Đông Hội, Đông Anh	5	3	20	- Không yêu cầu kinh nghiệm\n- Có laptop, phương tiện đi lại\n- Kỹ năng giao tiếp, xử lý tình huống\n- Kỹ năng làm việc nhóm	Nhân viên	PENDING	Nhân Viên Kinh Doanh/Sales (Không Yêu Cầu Kinh Nghiệm, Thu Nhập Lên Tới Trên 30tr/Tháng)	Full time	2024-12-01	08:00-17:00, Thứ hai-Thứ sáu	company_1733025482728	Hà Nội
57	-  nhập: 8-12 triệu\n- Môi trường làm việc năng động, cơ hội học hỏi, trải nghiệm và phát triển.\n- Được hưởng các chính sách phúc lợi: du lịch hàng năm, thưởng lễ, Tết,...\n- Khuyến khích các nhân sự gắn bó, cùng phát triển lâu dài với Công ty.\n- 	2024-12-01	- Hỗ trợ Bác sĩ trong quá trình thăm khám và điều trị.\n- Chuẩn bị dụng cụ y tế, thuốc men và các vật dụng cần thiết để phục vụ cho quá trình điều trị.\n- Chăm sóc bệnh nhân sau khám và điều trị.\n- Các công việc khác theo yêu cầu của Bác sĩ.\n- Giờ làm theo ca:\n- Sáng: 7h30 - 16h30 (nghỉ trưa 1 tiếng)  \n- Tối: 16h - 21h\n- Thời gian làm từ thứ 2 - Chủ nhật (nghỉ 4 buổi bất kỳ các ngày trong tháng)	1	2025-01-04	Y tế - Chăm sóc sức khỏe	Không yêu cầu	Nguyễn Lân, Phường Phương Liệt, Thanh Xuân	5	3	1	- Tốt nghiệp trung cấp trở lên chuyên ngành điều dưỡng\n- Có chứng chỉ hành nghề là một lợi thế.\n- Chưa có kinh nghiệm sẽ được đào tạo.\n- Ngoại hình ưa nhìn, giao tiếp tốt, nhanh nhẹn, cẩn thận.	Nhân viên	PENDING	Điều Dưỡng Viên - Phòng Khám Bác Sĩ Gia Đình	Full time	2024-12-01	08:00-17:00, Thứ hai-Thứ sáu	company_1733025482728	Hà Nội
53	- Lương thỏa thuận từ 13 - 18 triệu tùy theo năng lực và thái độ làm việc\n- Thanh toán lương vào ngày 10 hàng tháng ( không nợ và không chậm)\n- Xét duyệt tăng lương theo định kỳ theo năm, hoặc năng lực tốt và thái độ tốt được đề xuất tăng lương đột xuất.\n- Thưởng Theo quy định của công ty, thưởng doanh số, thưởng các ngày lễ, Tết\n- Phụ cấp Ăn trưa tại căng tin công ty\n- Xăng xe điện thoại, công tác phí ( nếu có) theo quy đinh công ty\n- Phúc lợi Sinh nhật, ma chay, hiểu, hỉ, ốm, đau,1-6, Rằm Trung Thu,noel, cưới, du lịch nghỉ mát và các hoạt động teambuiding.....\n- Bảo hiểm xã hội Theo quy định của Luật\n- Môi trường làm việc Hòa đồng, chuyên nghiệp và vui vẻ\n- Văn phòng đẹp, trang thiết bị đầy đủ\n- Quy mô công ty: Gần 100 nhân sự\n- Đào tạo Được đào tạo, phát triển trong công việc, cơ hội thăng tiến rõ ràng\n- Được cử đi đào tạo trong nước và ngoài nước để nâng cao chuyên môn	2024-12-01	- Thực hiện lập trình trên phần mềm cơ khí, xuất chương trình bàn giao quy trình công nghệ gia công cho quản lý công nghệ thực hiện gia công.\n- Theo dõi quá trình máy chạy, sửa chương trình ngay khi phát hiện sự cố, đảm bảo thời gian chạy máy CNC.\n- Tối ưu quy trình công nghệ, đạt hiệu quả gia công về thời gian gia công, chất lượng gia công, chế độ cắt, dụng cụ cắt gọt.\n- Tối ưu quy trình công nghệ, đạt hiệu quả gia công về thời gian gia công, chất lượng gia công, chế độ cắt, dụng cụ cắt gọt.\n- Định mức thời gian hoàn thành một công đoạn, báo cáo khi cần thiết.\n- Triển khai bản vẽ và lập trình chạy máy CNC\n- Các công việc khác liên quan	1	2024-12-29	Kỹ thuật	Không yêu cầu	Số 68 Đường số 35, P.Long Bình, Thủ Đức	5	3	3	- Trình độ Tốt nghiệp cao đẳng trở lên các ngành liên quan đến cơ khí chế tạo, kỹ thuật, tự động hóa hoặc các ngành khác liên quan\n- Kinh nghiệm: Có tổi thiểu 03 tháng kinh nghiệm ở vị trí tương đương\n- Độ tuổi Từ 20 đến 35 tuổi\n- Sức khỏe, ngoại hình Sức khỏe tốt\n- Khả năng đọc và giải thích các tài liệu, bản vẽ cơ khí.\n- Hiểu biết cơ bản về lập trình máy tính và CAD/ CAM.\n- Sử dụng phần mềm mastercam và một số phần mềm khác phục vụ gia công cơ khí\n- Cẩn thận, chú ý tới chi tiết, khả năng tập trung tốt.\n- Hiểu biết về các loại vật liệu phổ biến được sử dụng trong sản xuất.\n- Xử lý tình huống nhanh nhẹn và hiệu quả.	Nhân viên	PENDING	Nhân Viên Lập Trình CNC Thu Nhập Từ 13 - 18 Triệu	Full time	2024-12-01	08:00-17:00, Thứ hai-Thứ sáu	company_1733025482728	TP Hồ Chí Minh
54	- ương cơ bản: 12.000.000 - 15.000.000 VNĐ/tháng (Đảm bảo dạy 20 buổi/tháng hoặc phân chia theo lớp)\n- Từ buổi thứ 21 hoặc từ lớp thứ 3 trở đi: Hưởng thêm lương đi lớp từ 350.000 - 450.000/buổi/2h + thưởng hiệu quả giảng dạy (Tuỳ vào Level - Khoá học và Chất lượng lớp học)\n- TỔNG THU NHẬP trung bình dao động từ 15.000.000 - 40.000.000 VNĐ/tháng.\n- Đóng BHXH theo Luật lao động, nghỉ phép 12 ngày/năm và các ngày Lễ, Tết.\n- Review lương định kỳ 6 tháng/lần.\n- Được đào tạo nâng cao trình độ chuyên môn, kỹ năng giảng dạy.\n- Được cam kết phát triển bản thân và sự nghiệp tại công ty.\n- Part-Time: Lương theo ca 400.000 - 800.000 VNĐ/ca.\n- Thưởng tháng lên tới 10.000.000 VNĐ\n- 	2024-12-01	- Chịu trách nhiệm giảng dạy các lớp TOEIC hoặc IELTS của trung tâm.\n- Giảng dạy theo lộ trình, giáo án độc quyền của ATHENA, đảm bảo hoàn thành yêu cầu của mỗi buổi học và mục tiêu cuối cùng của khóa học.\n- Báo cáo và cập nhật tình hình lớp học cho Quản lý lớp học.\n- Giải đáp các thắc mắc về buổi học và bài tập cho học viên cùng với Trợ giảng.\n- Tham gia đánh giá chất lượng học viên cùng với bộ phận Đào tạo.\n- Đề xuất và hỗ trợ cải thiện lộ trình đào tạo học viên hiệu quả hơn.	1	2024-12-31	Giáo dục - Đào tạo	Không yêu cầu	35 Chùa Láng, Đống Đa	5	3	1	- Ứng viên đã tốt nghiệp.\n- Ưu tiên ứng viên tốt nghiệp các trường: ĐH Ngoại Ngữ (có chứng chỉ nghiệp vụ sư phạm), ĐH Sư Phạm (chuyên ngành Tiếng Anh).\n- Có chứng chỉ Tiếng Anh TOEIC 900+ hoặc IELTS 7.5+.\n- Ưu tiên ứng viên có ít nhất 01 năm kinh nghiệm giảng dạy.\n- Có kỹ năng sư phạm, kỹ năng giao tiếp, kỹ năng truyền đạt\n- Biết sử dụng công nghệ trong giảng dạy.\n- Nhiệt tình, kiên nhẫn, có tinh thần trách nhiệm.	Nhân viên	PENDING	Giáo Viên Tiếng Anh (TOEIC/IELTS) Part-Time/Full-Time - Thu Nhập 15 - 40 Triệu - Hà Nội	Full time	2024-12-01	08:00-17:00, Thứ hai-Thứ sáu	company_1733025482728	Hà Nội
55	- Mức lương: Thỏa thuận theo năng lực, trao đổi cụ thể khi tham gia phỏng vấn\n- Được tham gia các khóa đào tạo để nâng cao nghiệp vụ giảng dạy và đáp ứng nhu cầu công việc từ Hội sở.\n- Được tham gia các chế độ BHXH, BHYT đầy đủ theo quy định của nhà nước.\n- Chế độ nâng lương định kỳ theo quy định của công ty.\n- Ứng viên có kinh nghiệm giảng dạy hoặc quản lý sẽ được cân nhắc các vị trí Leader, Trưởng phòng đào tạo	2024-12-01	- Giảng dạy các lớp học được phân công theo lịch. \n- Tham gia các công việc kiểm tra học sinh: Kiểm tra đầu vào, kiểm tra giữa kỳ, cuối kỳ...\n- Xây dựng hình ảnh giáo viên nhiệt huyết, truyền được cảm hứng học cho học viên \n- Quan tâm, chăm sóc học viên, đánh giá sự tiến bộ của học viên trong suốt khóa học\n- Trợ giảng cho Giáo viên nước ngoài	1	2024-12-26	Giáo dục - Đào tạo	Không yêu cầu	122, Đường Trần Phú	5	3	1	- Tốt nghiệp Đại học chuyên ngành Tiếng anh.\n- Phát âm tiếng Anh chuẩn, phong cách giảng dạy sôi nổi, năng động, gây được thiện cảm cho học viên.\n- Tự tin, giao tiếp tốt, vui vẻ, hòa đồng, ham học hỏi.\n- Ứng viên mới ra trường sẽ được đào tạo trước khi đứng lớp.	Nhân viên	PENDING	English Teacher /Giáo Viên Tiếng Anh - Thu Nhập Hấp Dẫn Tại Hà Tĩnh	Full time	2024-12-01	08:00-17:00, Thứ hai-Thứ sáu	company_1733025482728	Hà Tĩnh
56	- Lương cứng thoả thuận (khoảng 15tr/tháng)\n- Hoa hồng dịch vụ: 5-7%\n- Hoa hồng mỹ phẩm: 5%\n- Công tua dịch vụ: theo quy định toàn hệ thống\n- Tổng thu nhập bao gồm lương cứng, công tua và hoa hồng tư vấn khoảng 30tr/ tháng trở lên\n- Đãi ngộ, Phúc lợi: e. Lễ tết, Hiếu hỉ, sinh nhật, nghỉ mát, ốm đau, thai sản,...\n- Phụ cấp: Công tác phí theo quy định . Được hưởng đầy đủ quyền lợi theo quy định của Luật lao động: BHXH, BHYT, BHTN\n- Được cung cấp đầy đủ đồng phục và trang thiết bị phục vụ công việc\n- Cơ hội làm việc trong môi trường trẻ - năng động – thân thiện, chuyên nghiệp, hệ thống quy trình tác nghiệp rõ ràng, nhiều cơ hội thăng tiến theo năng lực\n- Làm việc hoàn toàn dân chủ đóng góp ý kiến, trao đổi trực tiếp với ban lãnh đạo công ty\n- Làm việc trong môi trường mở, có cơ hội tham gia các khóa đào tạo nâng cao năng lực trong và ngoài nước, được giao lưu học hỏi với các đối tác lớn tầm cỡ quốc gia và quốc tế	2024-12-01	- Khám, chẩn đoán, và đưa phác đồ điều trị về da cho khách hàng\n- Phối hợp với Tư vấn viên và team chốt gói nếu cần\n- Tư vấn và thực hiện điều trị chuyên sâu, chăm sóc thẩm mỹ cho khách hàng\n- Trực tiếp thực hiện các dịch vụ nội khoa & công nghệ cao\n- Đảm bảo thực hiện đúng quy trình chăm sóc da, phác đồ điều trị được Công ty đào tạo và chuyển giao\n- Theo dõi kết quả điều trị và đáp ứng của khách hàng \n- Tư vấn cho khách hàng sử dụng các liệu trình chăm sóc tại nhà\n- Phối hợp với quản lý, nhân viên Spa với các chi nhánh ghi nhận, theo dõi và báo cáo kết quả điều trị của khách hàng qua từng đợt điều trị nhằm đánh giá kết quả thực hiện làm cơ sở tư vấn\n- Trực tiếp vận hành các máy móc công nghệ cao \n- Lưu giữ và bảo mật hồ sơ của khách hàng cũng như các phương pháp trị liệu được cung cấp cho khách hàng. \n- Xử lý và theo dõi khách khi gặp kích ứng bất thường\n- Phụ trách đào tạo nâng cao tay nghề cho các bác sĩ tại phòng khám\n- Cập nhật các công nghệ thẩm mỹ da liễu, thẩm mỹ nội khoa cũng các dòng sản phẩm đặc trị mới và hiệu quả cho phòng khám\n- Tham gia các buổi hội thảo và đào tạo theo phân công của Ban lãnh đạo Công ty\n- Quản lý và giám sát công việc được phân công	1	2025-01-01	Y tế - Chăm sóc sức khỏe	Không yêu cầu	60 Tuệ Tĩnh, Hai Bà Trưng, Hà Nội, Hai Bà Trưng	5	3	1	- Giới tính: Nam/Nữ\n- Ưu tiên ứng viên có bằng định hướng chuyên khoa da liễu, Bác sĩ da liễu có kinh nghiệm thẩm mỹ, laser. Có chứng chỉ hành nghề khám chữa bệnh chuyên khoa Da liễu\n- Có kinh nghiệm ít nhất 1 năm tại vị trí tương đương\n- Giao tiếp tốt, tự tin, có khả năng nắm bắt công việc nhanh. Ngoại hình sáng, da đẹp\n- Có khả năng giao tiếp và tư vấn khách hàng tốt\n- Có khả năng sử dụng tiếng Anh tốt sẽ được ưu tiên	Nhân viên	PENDING	Bác Sĩ Thẩm Mỹ Da Liễu	Full time	2024-12-01	08:00-17:00, Thứ hai-Thứ sáu	company_1733025482728	Hà Nội
58	- Lương thỏa thuận theo năng lực từ 17 - 25M\n- Xét tăng lương 1 lần/ năm căn cứ vào hiệu quả công việc.\n- BHXH, phép năm, thưởng tết đầy đủ theo quy định của Công ty và luật lao động\n- Công việc ổn định, nhiều cơ hội được học hỏi, phát triển và thăng tiến tại N&H Logistics.\n- Thời gian làm việc từ thứ 2 đến thứ 6.	2024-12-01	- Tham gia vào quá trình phát triển và bảo trì các ứng dụng web backend cho hệ thống logistics của công ty.\n- Phát triển các API RESTful để kết nối với các ứng dụng frontend và các hệ thống bên ngoài.\n- Thiết kế và triển khai cơ sở dữ liệu sử dụng MongoDB và PostgreSQL.\n- Sử dụng Redis để tối ưu hóa hiệu suất của ứng dụng.\n- Viết code sạch, hiệu quả và có thể bảo trì dễ dàng.\n- Tham gia vào các cuộc họp và thảo luận về thiết kế và phát triển sản phẩm.\n- Hỗ trợ các thành viên khác trong nhóm để giải quyết các vấn đề kỹ thuật.\n- Thực hiện các nhiệm vụ khác theo yêu cầu của quản lý.	3	2025-01-31	Công nghệ thông tin	Không yêu cầu	Số 9 Trà Khúc, Phường 2, Tân Bình	5	3	5	- Ứng viên tuổi từ 24- 32\n- Tốt nghiệp Cao Đẳng, Đại Học hoặc bằng cấp tương đương về lập trình phần mềm\n- Trên 2 năm lập trình ngôn ngữ Python và có kinh nghiệm làm việc với Django, Django Rest framework.\n- Từng triển khai Web API: RESTful, Authentication, Authorization, and multi-devices session\n- Có kinh nghiệm làm việc với Celery , Redis; Git; Redis, Elasticsearch; hệ cơ sở dữ liệu: PostgreSql hoặc biết Mysql, MongoDB\n- Am hiểu về ORM , tối ưu truy vấn; Caching, Queue; Docker , Docker compos\n- Ứng viên đã làm các dự án về ERP/ WMS/ Ecommerce/ Saas là một lợi thế\n- Có tư duy lập trình và kỹ năng giải quyết vấn đề tốt.\n- Khả năng đọc hiểu tiếng Anh chuyên ngành, học hỏi công nghệ mới nhanh.	Nhân viên	PENDING	Middle Backend Developer (Python) - Tân Bình HCM - Lương Hấp Dẫn	Full time	2024-12-01	08:00-17:00, Thứ hai-Thứ sáu	company_1733025482728	TP Hồ Chí Minh
59	- • Cơ hội tham gia nhiều hoạt động văn hóa, thể dục thể thao, giải trí (hoạt động ngoại khóa hàng tháng, kỷ nghỉ lễ tết, nghỉ mát 2 lần/ năm...) do công ty tổ chức hàng năm tại các địa điểm du lịch, resort cao cấp.\n- \n- • Thưởng theo dự án, thưởng CBNV xuất sắc, ngoài ra còn có các khoản trợ cấp hàng tháng như sau :\n- \n- Trợ cấp đi lại\n- \n- Trợ cấp ăn trưa\n- \n- Du lịch hằng năm trong, ngoài nước\n- \n- Câu lạc bộ Game, bóng đá (Thứ 2, thứ 6 hàng tuần ra sân).\n- \n- Làm việc từ thứ 2 đến thứ 6 và 2 sáng thứ 7 trong tháng	2024-12-01	- • Phát triển và hoàn thiện các ứng dụng.\n- \n- • Duy trì các ứng dụng hiện có.\n- \n- • Viết mã đáp ứng tiêu chuẩn hệ thống máy tính.\n- \n- • Phương pháp phân tích hiệu quả giải quyết yêu cầu hệ thống phần mềm.	2	2025-01-31	Công nghệ thông tin	Không yêu cầu	Tầng 14, Center Building Hapulico Số 85 Vũ Trọng Phụng, Thanh Xuân, Hà Nội, Thanh Xuân	5	3	3	- • Biết khái niệm căn bản về quy trình phát triển phần mềm, lập trình hướng đối tượng, mô hình MVC.\n- \n- • Có kiến thức về C#, .NET. \n- \n- • Có kiến thức về lập trình Web ( HTML5, CSS, Javascript, jQuery....). \n- \n- • Có kiến thức về cơ sở dữ liệu. \n- \n- Ham học hỏi, yêu thích lập trình, có khả năng tự tìm hiểu và giải quyết vấn đề\n- \n- Ưu tiên các ứng vên có kinh nghiệm về tài chính ngân hàng chứng khoán	Nhân viên	PENDING	Lập Trình Viên .Net (Từ 2 Năm Kinh Nghiệm)	Full time	2024-12-01	08:00-17:00, Thứ hai-Thứ sáu	company_1733025482728	Hà Nội
60	- Có cơ hội làm việc trong môi trường chuyên nghiệp, năng động, có chuyên môn cao mảng An ninh an toàn thông tin\n- Được tham gia các lớp đào tạo, khóa đào tạo, các buổi tọa đàm về chuyên môn\n- Có cơ hội được tiếp cận với những xu hướng công nghệ mới\n- Phúc lợi thưởng các dịp lễ, Tết, sinh nhật tập đoàn...lên đến 16 triệu 1 năm\n- Tham gia các hoạt động teambuilding hàng năm\n- Đóng bhxh theo Luật lao động quy định	2024-12-01	-  Phát triển và triển khai hệ thống CRM trên nền tảng ASP.NET và MS SQL.\n- Thực hiện kiểm thử phần mềm và khắc phục lỗi sau khi hoàn thành các dự án.\n- Nghiên cứu và ứng dụng các công nghệ mới nhằm nâng cao chất lượng phần mềm.\n- Thu thập và phân tích yêu cầu từ các bộ phận liên quan để phát triển tính năng mới.\n- Viết tài liệu hướng dẫn sử dụng cho người dùng và tài liệu kỹ thuật.\n- Hỗ trợ và phối hợp với các bộ phận khác trong quá trình triển khai và vận hành phần mềm.\n- Thực hiện các công việc khác theo yêu cầu của Trưởng bộ phận	3	2025-01-10	Công nghệ thông tin	Không yêu cầu	Tầng 15 số 11 Duy Tân, Cầu Giấy	5	3	4	-  Tốt nghiệp chuyên ngành công nghệ thông tin hoặc các ngành liên quan.\n- Có 3 năm kinh nghiệm phát triển phần mềm với ASP.NET và MS SQL.\n- Hiểu biết tốt về Web Service, API, và các giao thức liên quan.\n- Thành thạo với MSSQL và các công cụ quản lý cơ sở dữ liệu.\n- Thành thạo với ASP.NET Core, C#.\n- Có kinh nghiệm làm việc với MVC, ReactJS là một lợi thế.\n- Khả năng làm việc độc lập và phối hợp trong môi trường nhóm tốt.\n- Hiểu biết về các hệ thống quản lý khách hàng (CRM) hoặc các hệ thống tương đương\n- Ưu tiên ứng viên có kinh nghiệm kiểm thử phần mềm và xây dựng tài liệu.	Nhân viên	PENDING	Lập Trình Viên Backend (ASP.NET)	Full time	2024-12-01	08:00-17:00, Thứ hai-Thứ sáu	company_1733025482728	Hà Nội
61	- Làm việc tại tập đoàn bán lẻ hàng đầu Việt Nam.\n- Môi trường làm việc chuyên nghiệp, lớn mạnh.\n- Cọ xát kinh nghiệm từ đội ngũ nhân viên dày dặn kinh nghiệm.\n- Ký HĐLĐ, Phúc lợi đầy đủ tăng dần.\n- Nhiều phúc lợi công ty hấp dẫn.	2024-12-02	-  Quản lý và cấu trúc dữ liệu sản phẩm, bao gồm danh mục, thông số kỹ thuật, bộ lọc, nhãn, hướng dẫn và Câu hỏi thường gặp.\n- Cung cấp hướng dẫn cho nhóm Nội dung để đảm bảo tính chính xác của dữ liệu.\n- Tiến hành nghiên cứu người dùng để thiết kế các tính năng như Hướng dẫn mua hàng và các bộ lọc nâng cao.\n- Phát triển các công cụ và bảng điều khiển cho nhóm nội dung, sản phẩm và SEO.\n- Cộng tác phát triển các tính năng mới để nâng cao trải nghiệm người dùng.	1	2025-02-01	Nhân sự	Không yêu cầu	Toà Nhà MWG - Lô T2-Đường D1, Phường Tân Phú, Thủ Đức, Thủ Đức	5	3	1	- Sử dụng thành thạo các công cụ đồ họa trong bộ Adobe như: Photoshop, Illustrator. Biết After Effect là 1 lợi thế.\n- Biết sử dụng Figma (bắt buộc)\n- Am hiểu về hành vi của người dùng trên Desktop, Mobile.\n- Có ít nhất 01 năm kinh nghiệm làm việc trong lĩnh vực thiết kế đồ họa / UI Design.\n- Có thẩm mỹ tốt trong ngành MẸ VÀ BÉ, khả năng tư duy, năng động trong công việc.\n- Có kinh nghiệm làm việc trong mảng Thương Mại Điện Tử cho MẸ VÀ BÉ là 1 lợi thế.\n- Chủ động sắp xếp và lên kế hoạch xử lý công việc tốt.	Nhân viên	PENDING	Chuyên Viên Quản Lý Thông Tin Sản Phẩm	Full time	2024-12-02	08:00-17:00, Thứ hai-Thứ sáu	company_1733155577955	TP Hồ Chí Minh
\.


--
-- Data for Name: job_application; Type: TABLE DATA; Schema: public; Owner: postgres
--

COPY public.job_application (id, created_date, cv_url, reference_letter, state, job_job_id, user_id) FROM stdin;
5	2024-11-25	https://jobfinder-kienluu.s3.ap-southeast-1.amazonaws.com/Luu-Dinh-Kien--TopCV.vn-291024.172109.pdf	Em có kinh nghiệm 3 năm trong lĩnh vực này 	ACCEPTED	1	u_1732423672781
6	2024-11-25	https://jobfinder-kienluu.s3.ap-southeast-1.amazonaws.com/Luu-Dinh-Kien--TopCV.vn-291024.172109.pdf	Maple Labs is a rapidly growing startup.\nWe focus on developing apps serving millions of users globally.\nWe are looking for talented Mid/Senior Fullstack Developer who strive to solve the hard problem	REJECTED	1	u_1732502359113
7	2024-11-27	https://jobfinder-kienluu.s3.ap-southeast-1.amazonaws.com/Nguyen-Lan-Anh-CV-marketing.pdf	em yêu công việc này 	ACCEPTED	2	u_1732423672781
9	2024-11-29	https://jobfinder-kienluu.s3.ap-southeast-1.amazonaws.com/Luu-Dinh-Kien--TopCV.vn-291024.172109.pdf	em cần công việc  này 	REJECTED	42	u_1732423672781
10	2024-11-30	https://jobfinder-kienluu.s3.ap-southeast-1.amazonaws.com/Nguyen-Lan-Anh-CV-marketing.pdf	Em rất thích công việc này	PENDING	51	u_1732423672781
\.


--
-- Data for Name: job_applications; Type: TABLE DATA; Schema: public; Owner: postgres
--

COPY public.job_applications (job_entity_job_id, applications_id) FROM stdin;
1	5
1	6
2	7
42	9
51	10
\.


--
-- Data for Name: job_tag; Type: TABLE DATA; Schema: public; Owner: postgres
--

COPY public.job_tag (id, tag) FROM stdin;
\.


--
-- Data for Name: report; Type: TABLE DATA; Schema: public; Owner: postgres
--

COPY public.report (id, company_id, reason, status, user_id, job_id) FROM stdin;
4	company_1732383018210	Vi pham phap luat	PENDING	u_1732423672781	1
6	company_1732383018210	Nội dung vi phạm pháp luật - Đa cấp	PENDING	u_1732423672781	42
7	company_1733025482728	Thông tin sai sự thật - spam	PENDING	u_1732423672781	54
8	company_1732383018210	Lừa đảo	PENDING	u_1732502359113	1
9	company_1732383018210	Bài này vi phạm pháp luật	PENDING	u_1733020009402	1
10	company_1732383018210	Gian lận/Quảng cáo lừa đảo - Quảng cáo mại dâm trá hình	PENDING	u_1733020019009	1
11	company_1732383018210	Nội dung vi phạm pháp luật -  A Vietnamese NLP toolkit. Underthesea is a suite of open source Python modules data sets and tutorials supporting research and development in Vietnamese Natural Language Processing. We provides extremely easy API to quickly apply pretrained NLP models to your Vietnamese text, such as word segmentation, part-of-speech tagging (PoS), named entity recognition (NER), text classification and dependency parsing.	PENDING	u_1733020020300	1
12	company_1732383018210	Thông tin sai sự thật -  A Vietnamese NLP toolkit. Underthesea is a suite of open source Python modules data sets and tutorials supporting research and development in Vietnamese Natural Language Processing. We provides extremely easy API to quickly apply pretrained NLP models to your Vietnamese text, such as word segmentation, part-of-speech tagging (PoS), named entity recognition (NER), text classification and dependency parsing.	PENDING	u_1733020020300	42
13	company_1733025482728	Ngôn từ xúc phạm -  A Vietnamese NLP toolkit. Underthesea is a suite of open source Python modules data sets and tutorials supporting research and development in Vietnamese Natural Language Processing. We provides extremely easy API to quickly apply pretrained NLP models to your Vietnamese text, such as word segmentation, part-of-speech tagging (PoS), named entity recognition (NER), text classification and dependency parsing.	PENDING	u_1733020020300	54
14	company_1732383018210	Tin rác -  A Vietnamese NLP toolkit. Underthesea is a suite of open source Python modules data sets and tutorials supporting research and development in Vietnamese Natural Language Processing. We provides extremely easy API to quickly apply pretrained NLP models to your Vietnamese text, such as word segmentation, part-of-speech tagging (PoS), named entity recognition (NER), text classification and dependency parsing.	PENDING	u_1733020009402	42
15	company_1733025482728	Thông tin sai sự thật -  A Vietnamese NLP toolkit. Underthesea is a suite of open source Python modules data sets and tutorials supporting research and development in Vietnamese Natural Language Processing. We provides extremely easy API to quickly apply pretrained NLP models to your Vietnamese text, such as word segmentation, part-of-speech tagging (PoS), named entity recognition (NER), text classification and dependency parsing.	PENDING	u_1733020009402	54
16	company_1732383018210	Tin rác -  A Vietnamese NLP toolkit. Underthesea is a suite of open source Python modules data sets and tutorials supporting research and development in Vietnamese Natural Language Processing. We provides extremely easy API to quickly apply pretrained NLP models to your Vietnamese text, such as word segmentation, part-of-speech tagging (PoS), named entity recognition (NER), text classification and dependency parsing.	PENDING	u_1733020019009	42
17	company_1733025482728	Ngôn từ xúc phạm -  A Vietnamese NLP toolkit. Underthesea is a suite of open source Python modules data sets and tutorials supporting research and development in Vietnamese Natural Language Processing. We provides extremely easy API to quickly apply pretrained NLP models to your Vietnamese text, such as word segmentation, part-of-speech tagging (PoS), named entity recognition (NER), text classification and dependency parsing.	PENDING	u_1733020019009	54
18	company_1732383018210	Tin trùng lặp -  A Vietnamese NLP toolkit. Underthesea is a suite of open source Python modules data sets and tutorials supporting research and development in Vietnamese Natural Language Processing. We provides extremely easy API to quickly apply pretrained NLP models to your Vietnamese text, such as word segmentation, part-of-speech tagging (PoS), named entity recognition (NER), text classification and dependency parsing.	PENDING	u_1732502359113	42
19	company_1733025482728	Nội dung vi phạm pháp luật -  A Vietnamese NLP toolkit. Underthesea is a suite of open source Python modules data sets and tutorials supporting research and development in Vietnamese Natural Language Processing. We provides extremely easy API to quickly apply pretrained NLP models to your Vietnamese text, such as word segmentation, part-of-speech tagging (PoS), named entity recognition (NER), text classification and dependency parsing.	PENDING	u_1732502359113	54
20	company_1733155577955	Thông tin sai sự thật -  A Vietnamese NLP toolkit. Underthesea is a suite of open source Python modules data sets and tutorials supporting research and development in Vietnamese Natural Language Processing. We provides extremely easy API to quickly apply pretrained NLP models to your Vietnamese text, such as word segmentation, part-of-speech tagging (PoS), named entity recognition (NER), text classification and dependency parsing.	PENDING	u_1733020009402	61
21	company_1733155577955	Tin trùng lặp -  A Vietnamese NLP toolkit. Underthesea is a suite of open source Python modules data sets and tutorials supporting research and development in Vietnamese Natural Language Processing. We provides extremely easy API to quickly apply pretrained NLP models to your Vietnamese text, such as word segmentation, part-of-speech tagging (PoS), named entity recognition (NER), text classification and dependency parsing.	PENDING	u_1733020019009	61
22	company_1733155577955	Gian lận/Quảng cáo lừa đảo -  A Vietnamese NLP toolkit. Underthesea is a suite of open source Python modules data sets and tutorials supporting research and development in Vietnamese Natural Language Processing. We provides extremely easy API to quickly apply pretrained NLP models to your Vietnamese text, such as word segmentation, part-of-speech tagging (PoS), named entity recognition (NER), text classification and dependency parsing.	PENDING	u_1733020020300	61
23	company_1733155577955	Nội dung vi phạm pháp luật -  A Vietnamese NLP toolkit. Underthesea is a suite of open source Python modules data sets and tutorials supporting research and development in Vietnamese Natural Language Processing. We provides extremely easy API to quickly apply pretrained NLP models to your Vietnamese text, such as word segmentation, part-of-speech tagging (PoS), named entity recognition (NER), text classification and dependency parsing.	PENDING	u_1732423672781	61
24	company_1733155577955	Lý do khác -  A Vietnamese NLP toolkit. Underthesea is a suite of open source Python modules data sets and tutorials supporting research and development in Vietnamese Natural Language Processing. We provides extremely easy API to quickly apply pretrained NLP models to your Vietnamese text, such as word segmentation, part-of-speech tagging (PoS), named entity recognition (NER), text classification and dependency parsing.	PENDING	u_1732502359113	61
\.


--
-- Data for Name: user_entity; Type: TABLE DATA; Schema: public; Owner: postgres
--

COPY public.user_entity (id, role, address, avatar, date_of_birth, education_level, email, gender, name, password, phone, university, created_at) FROM stdin;
u_1732423672781	EMPLOYEE	Yên Phong, Bắc Ninh	https://res.cloudinary.com/dmi3xizxq/image/upload/v1732423764/yp4elkx2acqdx5e4xjci.jpg	2003-01-01	Đại học	conanjisoo@gmail.com	Nam	Lưu Kiên	123456	0353795729	Học viện Kỹ Thuật Mật Mã	2024-12-01
u_1732502359113	EMPLOYEE	Yên Phong, Bắc Ninh	https://cdn-icons-png.flaticon.com/512/3607/3607444.png	2003-01-01	Đại học	jisooconan@gmail.com	Nam	Dinh Kien	12345678	0368052203	Học viện Kỹ thuật Mật mã	2024-11-30
u_1733020009402	EMPLOYEE	Bắc Ninh 	https://cdn-icons-png.flaticon.com/512/3607/3607444.png	2003-01-01	Đại học	kienluu61@gmail.com	Nam	Lưu Kiên	123456	0353795729	Học Viện Mật Mã	2024-12-01
u_1733020019009	EMPLOYEE	Yên Phong, Bắc Ninh	https://cdn-icons-png.flaticon.com/512/3607/3607444.png	2003-01-01	Đại học	kienluu62@gmail.com	Nam	Kien	123456	0353795729	Học viện Kỹ thuật Mật mã	2024-12-02
u_1733020020300	EMPLOYEE	Yên Phong, Bắc Ninh	https://cdn-icons-png.flaticon.com/512/3607/3607444.png	2003-01-01	Đại học	kienluu63@gmail.com	Nam	Cam Cam	123456	0368052203	Học viện Kỹ thuật Mật mã	2024-12-02
\.


--
-- Data for Name: user_entity_applied_jobs; Type: TABLE DATA; Schema: public; Owner: postgres
--

COPY public.user_entity_applied_jobs (user_entity_id, applied_jobs_job_id) FROM stdin;
u_1732423672781	1
u_1732502359113	1
u_1732423672781	2
u_1732423672781	42
u_1732423672781	51
\.


--
-- Data for Name: user_entity_cv; Type: TABLE DATA; Schema: public; Owner: postgres
--

COPY public.user_entity_cv (user_entity_id, cv) FROM stdin;
u_1732423672781	https://jobfinder-kienluu.s3.ap-southeast-1.amazonaws.com/Nguyen-Lan-Anh-CV-marketing.pdf
u_1732423672781	https://jobfinder-kienluu.s3.ap-southeast-1.amazonaws.com/Luu-Dinh-Kien--TopCV.vn-291024.172109.pdf
u_1732502359113	https://jobfinder-kienluu.s3.ap-southeast-1.amazonaws.com/CV---dao-Thuy-Nga---Nhan-su-part-time.pdf
u_1732502359113	https://jobfinder-kienluu.s3.ap-southeast-1.amazonaws.com/Luu-Dinh-Kien--TopCV.vn-291024.172109.pdf
\.


--
-- Data for Name: user_entity_saved_jobs; Type: TABLE DATA; Schema: public; Owner: postgres
--

COPY public.user_entity_saved_jobs (user_entity_id, saved_jobs_job_id) FROM stdin;
u_1732502359113	1
u_1732423672781	2
u_1732423672781	42
u_1732423672781	51
u_1732423672781	54
\.


--
-- Data for Name: user_entity_search_history; Type: TABLE DATA; Schema: public; Owner: postgres
--

COPY public.user_entity_search_history (user_entity_id, search_history) FROM stdin;
u_1732423672781	java
u_1732423672781	kế toán
\.


--
-- Name: ban_notification_id_seq; Type: SEQUENCE SET; Schema: public; Owner: postgres
--

SELECT pg_catalog.setval('public.ban_notification_id_seq', 14, true);


--
-- Name: conversations_id_seq; Type: SEQUENCE SET; Schema: public; Owner: postgres
--

SELECT pg_catalog.setval('public.conversations_id_seq', 7, true);


--
-- Name: job_application_id_seq; Type: SEQUENCE SET; Schema: public; Owner: postgres
--

SELECT pg_catalog.setval('public.job_application_id_seq', 10, true);


--
-- Name: job_job_id_seq; Type: SEQUENCE SET; Schema: public; Owner: postgres
--

SELECT pg_catalog.setval('public.job_job_id_seq', 61, true);


--
-- Name: report_id_seq; Type: SEQUENCE SET; Schema: public; Owner: postgres
--

SELECT pg_catalog.setval('public.report_id_seq', 24, true);


--
-- Name: ban_notification ban_notification_pkey; Type: CONSTRAINT; Schema: public; Owner: postgres
--

ALTER TABLE ONLY public.ban_notification
    ADD CONSTRAINT ban_notification_pkey PRIMARY KEY (id);


--
-- Name: chat_message chat_message_pkey; Type: CONSTRAINT; Schema: public; Owner: postgres
--

ALTER TABLE ONLY public.chat_message
    ADD CONSTRAINT chat_message_pkey PRIMARY KEY (id);


--
-- Name: company company_pkey; Type: CONSTRAINT; Schema: public; Owner: postgres
--

ALTER TABLE ONLY public.company
    ADD CONSTRAINT company_pkey PRIMARY KEY (id);


--
-- Name: conversations conversations_pkey; Type: CONSTRAINT; Schema: public; Owner: postgres
--

ALTER TABLE ONLY public.conversations
    ADD CONSTRAINT conversations_pkey PRIMARY KEY (id);


--
-- Name: job_application job_application_pkey; Type: CONSTRAINT; Schema: public; Owner: postgres
--

ALTER TABLE ONLY public.job_application
    ADD CONSTRAINT job_application_pkey PRIMARY KEY (id);


--
-- Name: job job_pkey; Type: CONSTRAINT; Schema: public; Owner: postgres
--

ALTER TABLE ONLY public.job
    ADD CONSTRAINT job_pkey PRIMARY KEY (job_id);


--
-- Name: job_tag job_tag_pkey; Type: CONSTRAINT; Schema: public; Owner: postgres
--

ALTER TABLE ONLY public.job_tag
    ADD CONSTRAINT job_tag_pkey PRIMARY KEY (id);


--
-- Name: report report_pkey; Type: CONSTRAINT; Schema: public; Owner: postgres
--

ALTER TABLE ONLY public.report
    ADD CONSTRAINT report_pkey PRIMARY KEY (id);


--
-- Name: job_applications ukogybv14ns4ef1j6s3cnxyglmy; Type: CONSTRAINT; Schema: public; Owner: postgres
--

ALTER TABLE ONLY public.job_applications
    ADD CONSTRAINT ukogybv14ns4ef1j6s3cnxyglmy UNIQUE (applications_id);


--
-- Name: user_entity_applied_jobs user_entity_applied_jobs_pkey; Type: CONSTRAINT; Schema: public; Owner: postgres
--

ALTER TABLE ONLY public.user_entity_applied_jobs
    ADD CONSTRAINT user_entity_applied_jobs_pkey PRIMARY KEY (user_entity_id, applied_jobs_job_id);


--
-- Name: user_entity user_entity_pkey; Type: CONSTRAINT; Schema: public; Owner: postgres
--

ALTER TABLE ONLY public.user_entity
    ADD CONSTRAINT user_entity_pkey PRIMARY KEY (id);


--
-- Name: user_entity_saved_jobs user_entity_saved_jobs_pkey; Type: CONSTRAINT; Schema: public; Owner: postgres
--

ALTER TABLE ONLY public.user_entity_saved_jobs
    ADD CONSTRAINT user_entity_saved_jobs_pkey PRIMARY KEY (user_entity_id, saved_jobs_job_id);


--
-- Name: job_applications fk5hvl3qxr968x0h7lcujme9ou5; Type: FK CONSTRAINT; Schema: public; Owner: postgres
--

ALTER TABLE ONLY public.job_applications
    ADD CONSTRAINT fk5hvl3qxr968x0h7lcujme9ou5 FOREIGN KEY (applications_id) REFERENCES public.job_application(id);


--
-- Name: job fk5q04favsasq8y70bsei7wv8fc; Type: FK CONSTRAINT; Schema: public; Owner: postgres
--

ALTER TABLE ONLY public.job
    ADD CONSTRAINT fk5q04favsasq8y70bsei7wv8fc FOREIGN KEY (company_id) REFERENCES public.company(id);


--
-- Name: conversation_users fk63p0tbk14kd41sn7v1cw6xp2f; Type: FK CONSTRAINT; Schema: public; Owner: postgres
--

ALTER TABLE ONLY public.conversation_users
    ADD CONSTRAINT fk63p0tbk14kd41sn7v1cw6xp2f FOREIGN KEY (conversation_id) REFERENCES public.conversations(id);


--
-- Name: job_applications fk76hmc3xa6582k0rhbgtjn1op3; Type: FK CONSTRAINT; Schema: public; Owner: postgres
--

ALTER TABLE ONLY public.job_applications
    ADD CONSTRAINT fk76hmc3xa6582k0rhbgtjn1op3 FOREIGN KEY (job_entity_job_id) REFERENCES public.job(job_id);


--
-- Name: job_application fkdgyjbtylx4g03tigw2j9odiap; Type: FK CONSTRAINT; Schema: public; Owner: postgres
--

ALTER TABLE ONLY public.job_application
    ADD CONSTRAINT fkdgyjbtylx4g03tigw2j9odiap FOREIGN KEY (user_id) REFERENCES public.user_entity(id);


--
-- Name: user_entity_saved_jobs fkfu5xgc0uc2n5y3o2u2eca0jsi; Type: FK CONSTRAINT; Schema: public; Owner: postgres
--

ALTER TABLE ONLY public.user_entity_saved_jobs
    ADD CONSTRAINT fkfu5xgc0uc2n5y3o2u2eca0jsi FOREIGN KEY (user_entity_id) REFERENCES public.user_entity(id);


--
-- Name: report fkg5pev9qjkdahxi4bxikpvmn7o; Type: FK CONSTRAINT; Schema: public; Owner: postgres
--

ALTER TABLE ONLY public.report
    ADD CONSTRAINT fkg5pev9qjkdahxi4bxikpvmn7o FOREIGN KEY (job_id) REFERENCES public.job(job_id);


--
-- Name: user_entity_saved_jobs fkg6bo7vwgt7nhjfs284eb8n5hg; Type: FK CONSTRAINT; Schema: public; Owner: postgres
--

ALTER TABLE ONLY public.user_entity_saved_jobs
    ADD CONSTRAINT fkg6bo7vwgt7nhjfs284eb8n5hg FOREIGN KEY (saved_jobs_job_id) REFERENCES public.job(job_id);


--
-- Name: job_application fkgmp4pioxajpc7n0i9gnusbbou; Type: FK CONSTRAINT; Schema: public; Owner: postgres
--

ALTER TABLE ONLY public.job_application
    ADD CONSTRAINT fkgmp4pioxajpc7n0i9gnusbbou FOREIGN KEY (job_job_id) REFERENCES public.job(job_id);


--
-- Name: user_entity_applied_jobs fkme523e966i3hifsbhb34yddtv; Type: FK CONSTRAINT; Schema: public; Owner: postgres
--

ALTER TABLE ONLY public.user_entity_applied_jobs
    ADD CONSTRAINT fkme523e966i3hifsbhb34yddtv FOREIGN KEY (user_entity_id) REFERENCES public.user_entity(id);


--
-- Name: conversations fknu4kjix8mk42rmuwnoqs3u7fl; Type: FK CONSTRAINT; Schema: public; Owner: postgres
--

ALTER TABLE ONLY public.conversations
    ADD CONSTRAINT fknu4kjix8mk42rmuwnoqs3u7fl FOREIGN KEY (sender_id) REFERENCES public.company(id);


--
-- Name: user_entity_search_history fkr0788hspherm9g075v0c02wg8; Type: FK CONSTRAINT; Schema: public; Owner: postgres
--

ALTER TABLE ONLY public.user_entity_search_history
    ADD CONSTRAINT fkr0788hspherm9g075v0c02wg8 FOREIGN KEY (user_entity_id) REFERENCES public.user_entity(id);


--
-- Name: user_entity_applied_jobs fkr16h9tb7ixhyh13rkdo4ekiyx; Type: FK CONSTRAINT; Schema: public; Owner: postgres
--

ALTER TABLE ONLY public.user_entity_applied_jobs
    ADD CONSTRAINT fkr16h9tb7ixhyh13rkdo4ekiyx FOREIGN KEY (applied_jobs_job_id) REFERENCES public.job(job_id);


--
-- Name: user_entity_cv fks52i3siienkn2p14emuwcnn31; Type: FK CONSTRAINT; Schema: public; Owner: postgres
--

ALTER TABLE ONLY public.user_entity_cv
    ADD CONSTRAINT fks52i3siienkn2p14emuwcnn31 FOREIGN KEY (user_entity_id) REFERENCES public.user_entity(id);


--
-- Name: conversations fksuxmraxa622d1n5qops132axm; Type: FK CONSTRAINT; Schema: public; Owner: postgres
--

ALTER TABLE ONLY public.conversations
    ADD CONSTRAINT fksuxmraxa622d1n5qops132axm FOREIGN KEY (receiver_id) REFERENCES public.user_entity(id);


--
-- PostgreSQL database dump complete
--

